Hotel_1,Madhhuban Hotel,Hotel,Madhuban Hotel -97 Rajpur Road- 248001 India,3800,5,41,Dehradun
Hotel_2,The Competent Palace,Hotel,The Competent Palace - Chakrata Road Selaqui Industrial Area Central Hope Town Dehradun Uttaranchal - 248197 India,2800,5-star,40,Dehradun
Hotel_3,Vishranti A Doon Valley Resort Spa,Hotel,Vishranti - A Doon Valley Resort Spa - C/o Madhyant Farm Khanduli Village Prem Nagar Dehradun Uttaranchal India,7500,5-star,40,Dehradun
Hotel_4,Pacific Hotel,Hotel,Pacific Hotel- 19 Subhash Road Uttaranchal - 248001 India,3600,5-star,74,Dehradun
Hotel_5,Classic International,Hotel,56 Rajpur Road -248001 India,NA,3-star,NA,Dehradun
Hotel_6,Aketa,Hotel,113/1-2 Rajpur Road India,NA,3-star,NA,Dehradun
Hotel_7,Ajanta Continental,Hotel,101 Rajpur Road -248001 India,NA,3-star,NA,Dehradun
