Restaurant_1,Ellora Bakery ,Restaurant,Bakery; Dessert; English; Indian ,25 Rajpur Road Dehradun; India ,Dehradun
Restaurant_2,black pepper,Restaurant,Indian ,3 Astley Hall; I & II Floor ;Rajpur Road Dehradun ,Dehradun
Restaurant_3,Orchard ,Restaurant,Chinese; Thai; Tibetan ,3-B; Dak Patti near MMDA Park; Rajput; Dehradun ,Dehradun
Restaurant_4,60`s (Cafe Delmar) ,Restaurant,Caf�,Anand Dham Tapovan; Rishikesh 249192,Rishikesh
Restaurant_5,Honey Hut ,Restaurant,NA,Near Laxman Jhula; Rishikesh,Rishikesh
Restaurant_6,Ganga Beach Restaurant ,Restaurant,NA,Lakshman Jhula;Rishikesh. ,Rishikesh
Restaurant_7,Sakley Restaurant & Pastry Shop ,Restaurant,Asian;Chinese; Indian; Italian ,off the Mall; Mallital; Nainital.,Nainital
Restaurant_8,Shiva Vegetarian Restaurant ,Restaurant,Indian ,34;35; Bara Bazaar; Mallital;Nainital.,Nainital
Restaurant_9,Cafe de Mall ,Restaurant,Indian; Vegetarian ,The Mall; Tallital;  Nainital.,Nainital
