Wild Life_1,Assan Barrage Bird Sanctuary,WildLife,approximately 40 kms west of Dehradun on Dehradun-Paonta road.,October to December and from mid March to almost end of April,Birds,287.5 m long water body,Three distinct seasons; winter; summer and rainy,Dehradun
Wild Life_2,�RAJAJI NATIONAL PARK,WildLife,Haridwar & Pauri Garhwal districts of Uttarakhand,November and June.,elephant; tiger; panther; bear; chital; sambar; wild bear; kakar; python,820.42 Sq. Kms.,Three distinct seasons; winter; summer and rainy,Haridwar
Wild Life_3,Govind Wildlife ,WildLife,At Purola tehsil;Uttarkashi district of Garhwal in the state of Uttarakhand,April to June and September to November,Bharal; Black Bear; Brown Bear; Common Leopard; Himalayan Thar; Musk Deer; Serow;birds and Snow Leopard.,953 sq. km,Three distinct seasons; winter; summer and rainy,Uttarkashi
Wild Life_4,Kedarnath,WildLife,Chamoli Uttarakhand,April to Sep. in every year,Snow Leopard; Snow Cock; Tahr;musk Spotted Deer; Leopard ;Sparrow and a number of species of birds,967 sq. kms.,Three distinct seasons; winter; summer and rainy,Chamoli
Wild Life_5,NANDA DEVI NATIONAL PARK,WildLife,Chamoli district; Uttarakhand,May to 31st October,bharal; Himalayan tahr; serow; goral; snow leopard; Himalayan black bear; brown bear; leopard; common langur; Himalayan musk deer and brown beer,630 sq. Kms.,Three distinct seasons; winter; summer and rainy,Chamoli
